{"cameraMode":{"drawMode":0,"name":"Shaded","section":"Shading Mode"},"sceneLighting":false,"audioPlay":false,"sceneViewState":{"m_AlwaysRefresh":false,"showFog":true,"showSkybox":false,"showFlares":true,"showImageEffects":true,"showParticleSystems":true,"showVisualEffectGraphs":true,"m_FxEnabled":true},"in2DMode":false,"pivot":{"x":-1.9843757152557374,"y":0.03215192258358002,"z":0.21854692697525025},"rotation":{"x":0.16662514209747315,"y":-0.3228623867034912,"z":0.057853084057569507,"w":0.9298699498176575},"size":1.8473939895629883,"orthographic":false}