{"cameraMode":{"drawMode":0,"name":"Shaded","section":"Shading Mode"},"sceneLighting":false,"audioPlay":false,"sceneViewState":{"m_AlwaysRefresh":false,"showFog":true,"showSkybox":false,"showFlares":true,"showImageEffects":true,"showParticleSystems":true,"showVisualEffectGraphs":true,"m_FxEnabled":true},"in2DMode":false,"pivot":{"x":0.21000003814697267,"y":0.6000000238418579,"z":0.2099999189376831},"rotation":{"x":-0.06564318388700485,"y":0.7507792711257935,"z":-0.6529384255409241,"w":-0.07548035681247711},"size":3.6613025665283205,"orthographic":false}